destination,Name,distance,property_url,rating,remark,locationScore,stars,price,payment,total_reviews
Manali Himachal Pradesh,Hotel Hollywood,1.8 km from centre,https://www.booking.com/hotel/in/hollywood-inn.en-gb.html?,8.2,Very good,0,3,"₹ 3,713",FREE cancellation • No prepayment needed,133
Manali Himachal Pradesh,Montana Blues Resort,2.2 km from centre,https://www.booking.com/hotel/in/montana-bliss-resort.en-gb.html?,9.1,Superb,0,4,"₹ 6,098",Free cancellation,331
Manali Himachal Pradesh,Nirwana Retreat A luxury cottage,1.2 km from centre,https://www.booking.com/hotel/in/hadimba-inn.en-gb.html?,9.4,Superb,9.5,3,"₹ 2,925",FREE cancellation • No prepayment needed,57
Manali Himachal Pradesh,Apple Country Resorts- A Vegetarian Place,1.5 km from centre,https://www.booking.com/hotel/in/apple-country-resorts.en-gb.html?,8.6,Fabulous,0,4,"₹ 31,047",FREE cancellation • No prepayment needed,546
Manali Himachal Pradesh,Hotel Mountain face by Snow City Hotels,2.3 km from centre,https://www.booking.com/hotel/in/mountain-face.en-gb.html?,8.7,Fabulous,0,3,"₹ 4,055",Free cancellation,529
Manali Himachal Pradesh,HIMALAYAN REGENCY Manali,0.9 km from centre,https://www.booking.com/hotel/in/himalayan-regency-manali.en-gb.html?,9.6,Exceptional,9.5,3,"₹ 2,808",FREE cancellation • No prepayment needed,37
Manali Himachal Pradesh,Royal Residency,0.7 km from centre,https://www.booking.com/hotel/in/royal-residency-manali.en-gb.html?,9.3,Superb,9.5,3,"₹ 3,105",,38
Manali Himachal Pradesh,Hotel Hadimba Palace,0.7 km from centre,https://www.booking.com/hotel/in/hadimba-palace-manali1.en-gb.html?,9.4,Superb,9.5,3,"₹ 2,098",,47
Manali Himachal Pradesh,Shivalaya Retreat Manali,3.9 km from centre,https://www.booking.com/hotel/in/shivalaya-retreat-manali-manali.en-gb.html?,9.1,Superb,9.4,3,"₹ 6,000",FREE cancellation • No prepayment needed,255
Manali Himachal Pradesh,Nature Bliss - Mount Serene,2.9 km from centre,https://www.booking.com/hotel/in/snow-bliss-manali-manali.en-gb.html?,9.3,Superb,0,3,"₹ 9,000",Free cancellation,10
Manali Himachal Pradesh,hadimba hill view,0.8 km from centre,https://www.booking.com/hotel/in/hills-view-manali.en-gb.html?,8.6,Fabulous,9.3,0,"₹ 2,520",FREE cancellation • No prepayment needed,43
Manali Himachal Pradesh,Hotel Alfha,3.2 m from centre,https://www.booking.com/hotel/in/alfha.en-gb.html?,8.6,Fabulous,0,2,"₹ 2,850",FREE cancellation • No prepayment needed,37
Manali Himachal Pradesh,FabHotel Baga Cottage,500 m from centre,https://www.booking.com/hotel/in/fabhotel-baga-cottage.en-gb.html?,10,Exceptional,10,3,"₹ 6,852",Free cancellation,3
Manali Himachal Pradesh,Hotel Smugglers Mountain View - central heated & air Cooled,1.3 km from centre,https://www.booking.com/hotel/in/smuggler.en-gb.html?,9.1,Superb,0,4,"₹ 7,020",Free cancellation,92
Manali Himachal Pradesh,Snow Valley Resorts & Spa Manali,1.7 km from centre,https://www.booking.com/hotel/in/snow-valley-resorts.en-gb.html?,8.3,Very good,0,4,"₹ 12,375",Free cancellation,126
Manali Himachal Pradesh,The Orchard Greens,1.4 km from centre,https://www.booking.com/hotel/in/the-orchard-greens.en-gb.html?,7.6,Good,0,3,"₹ 5,773",Free cancellation,99
Manali Himachal Pradesh,Shivadya - A Boutique Hotel,8.7 km from centre,https://www.booking.com/hotel/in/shivadya-resort-amp-spa.en-gb.html?,9.2,Superb,0,5,"₹ 31,900",,48
Manali Himachal Pradesh,The Holiday Villa Resorts & Spa,2 km from centre,https://www.booking.com/hotel/in/the-holiday-villa-resorts-amp-spa.en-gb.html?,8.8,Fabulous,0,4,"₹ 12,600",FREE cancellation • No prepayment needed,34
Manali Himachal Pradesh,Honeymoon Inn Manali,1.1 km from centre,https://www.booking.com/hotel/in/honemoon-inn-manali.en-gb.html?,8.6,Fabulous,0,4,"₹ 8,700",Free cancellation,118
Manali Himachal Pradesh,Echor Himalayan Aurum Manali,2.4 km from centre,https://www.booking.com/hotel/in/echor-himalayan-aurum-manali-manali.en-gb.html?,9.5,Exceptional,0,0,"₹ 11,286",,6
Manali Himachal Pradesh,Royal Kalinga Cottages Manali,2.1 km from centre,https://www.booking.com/hotel/in/royal-kalinga-cottages-manali.en-gb.html?,9.1,Superb,0,4,"₹ 11,396",FREE cancellation • No prepayment needed,16
Manali Himachal Pradesh,Snow Bloom Resort,3.9 km from centre,https://www.booking.com/hotel/in/snow-bloom-resort.en-gb.html?,7.8,Good,0,0,"₹ 8,100",,23
Manali Himachal Pradesh,Ride At Hill-Nihal Hotel & Cottage,2.7 km from centre,https://www.booking.com/hotel/in/nihal-cottage.en-gb.html?,9.0,Superb,0,3,"₹ 2,938",Free cancellation,16
Manali Himachal Pradesh,FabHotel Castle Rock Vashisht,1.7 km from centre,https://www.booking.com/hotel/in/stayapart-castle-rock-manali.en-gb.html?,8.6,Fabulous,0,0,"₹ 3,275",Free cancellation,65
Manali Himachal Pradesh,Hotel Delfryn,1.7 km from centre,https://www.booking.com/hotel/in/delfryn.en-gb.html?,8.9,Fabulous,9.4,3,"₹ 7,650",,36
Manali Himachal Pradesh,Hotel Central View,200 m from centre,https://www.booking.com/hotel/in/central-view.en-gb.html?,8.2,Very good,0,2,"₹ 3,375",Free cancellation,382
Manali Himachal Pradesh,The Orchard Greens Resort and Spa,1.5 km from centre,https://www.booking.com/hotel/in/the-orchard-greens-resort-and-spa.en-gb.html?,8.0,Very good,0,4,"₹ 10,498",Free cancellation,148
Manali Himachal Pradesh,Alt Life - Manali,1.6 km from centre,https://www.booking.com/hotel/in/alt-life-manali.en-gb.html?,8.1,Very good,0,0,"₹ 5,400",,271
Manali Himachal Pradesh,Orchards House - The Hidden Tribe,1.8 km from centre,https://www.booking.com/hotel/in/orchards-house.en-gb.html?,9.0,Superb,0,2,"₹ 2,697",Free cancellation,271
Manali Himachal Pradesh,Larisa Resort Manali,9.9 km from centre,https://www.booking.com/hotel/in/la-ri-sa-resort.en-gb.html?,8.6,Fabulous,0,5,"₹ 35,097",,105
Manali Himachal Pradesh,Misty Hills,5.3 km from centre,https://www.booking.com/hotel/in/misty-hills-manali.en-gb.html?,8.9,Fabulous,9.5,4,"₹ 6,600",Free cancellation,28
Manali Himachal Pradesh,Guruchhaya hotel and cottages,0.7 km from centre,https://www.booking.com/hotel/in/guruchhaya-and-cottages.en-gb.html?,9.1,Superb,0,3,"₹ 2,427",FREE cancellation • No prepayment needed,13
Manali Himachal Pradesh,Sparsh Resort,1.5 km from centre,https://www.booking.com/hotel/in/sparsh-resort.en-gb.html?,8.4,Very good,0,3,"₹ 8,100",Free cancellation,149
Manali Himachal Pradesh,The Destination Manali,0.8 km from centre,https://www.booking.com/hotel/in/the-destination-manali-manali.en-gb.html?,8.6,Fabulous,0,3,"₹ 4,497",Free cancellation,61
Manali Himachal Pradesh,Span Resort and Spa,12.7 km from centre,https://www.booking.com/hotel/in/span-resort-and-spa.en-gb.html?,9.0,Superb,9.5,5,"₹ 46,800",Free cancellation,31
Manali Himachal Pradesh,WelcomHeritage Urvashi's Retreat,5.1 km from centre,https://www.booking.com/hotel/in/urvashi-39-s-retreat.en-gb.html?,8.9,Fabulous,0,4,"₹ 37,800",Free cancellation,79
Manali Himachal Pradesh,"Broadways Inn - Hotel, Resort & Spa",0.8 km from centre,https://www.booking.com/hotel/in/broadways-inn.en-gb.html?,7.8,Good,0,4,"₹ 11,135",FREE cancellation • No prepayment needed,67
Manali Himachal Pradesh,Sunface Homestay,2.7 km from centre,https://www.booking.com/hotel/in/sunface-homestay.en-gb.html?,9.5,Exceptional,9.5,0,"₹ 2,397",,49
Manali Himachal Pradesh,WHITE FOREST by Sturmfrei,1.7 km from centre,https://www.booking.com/hotel/in/serenity-by-sturmfrei.en-gb.html?,9.1,Superb,9.3,0,"₹ 3,600",Free cancellation,109
Manali Himachal Pradesh,Hotel Meadows Manali,0.6 km from centre,https://www.booking.com/hotel/in/meadows-kullu.en-gb.html?,8.5,Very good,0,2,"₹ 2,878",Free cancellation,115
Manali Himachal Pradesh,Keekoo Manali,1.3 km from centre,https://www.booking.com/hotel/in/keekoo-manali-manali.en-gb.html?,9.2,Superb,0,0,"₹ 8,360",FREE cancellation • No prepayment needed,73
Manali Himachal Pradesh,Amarys Boutique Stays Manali,7 km from centre,https://www.booking.com/hotel/in/amarys-cottage-amp-cafe.en-gb.html?,10,Exceptional,10,0,"₹ 14,175",FREE cancellation • No prepayment needed,3
Manali Himachal Pradesh,Winterfell The Stay,3.8 km from centre,https://www.booking.com/hotel/in/winterfell-the-stay.en-gb.html?,7.7,Good,0,0,"₹ 9,748",FREE cancellation • No prepayment needed,30
Manali Himachal Pradesh,Nature House,1 km from centre,https://www.booking.com/hotel/in/nature-house.en-gb.html?,9.3,Superb,0,3,"₹ 27,540",FREE cancellation • No prepayment needed,10
Manali Himachal Pradesh,Hotel Mountain Top,1.1 km from centre,https://www.booking.com/hotel/in/mountain-top.en-gb.html?,6.7,Review score,0,3,"₹ 5,700",Free cancellation,225
Manali Himachal Pradesh,FabExpress Shami Inn Naggar Road,3.7 km from centre,https://www.booking.com/hotel/in/shami-inn.en-gb.html?,7.9,Good,0,3,"₹ 4,049",,25
Manali Himachal Pradesh,Zostel Homes Burwa (Manali),5.4 km from centre,https://www.booking.com/hotel/in/zostel-homes-burwa-manali-manali.en-gb.html?,9.2,Superb,0,0,"₹ 8,397",,29
Manali Himachal Pradesh,Soli Tree Luxury Camps,24.2 km from centre,https://www.booking.com/hotel/in/soli-tree-camps.en-gb.html?,8.3,Very good,0,0,"₹ 15,000",Free cancellation,3
Manali Himachal Pradesh,Manuallaya The Resort & Spa,1.4 km from centre,https://www.booking.com/hotel/in/manuallaya-the-resort-amp-spa.en-gb.html?,7.5,Good,0,5,"₹ 32,967",Free cancellation,40
Manali Himachal Pradesh,Hotel New Vistas,0.5 km from centre,https://www.booking.com/hotel/in/new-vistas-manali12345.en-gb.html?,8.9,Fabulous,0,3,"₹ 8,100",Free cancellation,16
Manali Himachal Pradesh,The Culture Nation Hostel,1.7 km from centre,https://www.booking.com/hotel/in/the-culture-nation-hostel.en-gb.html?,8.9,Fabulous,0,3,"₹ 5,397",FREE cancellation • No prepayment needed,433
Manali Himachal Pradesh,Beas Valley Manali,1.6 km from centre,https://www.booking.com/hotel/in/amneu-beas-valley.en-gb.html?,8.2,Very good,0,3,"₹ 4,090",Free cancellation,149
Manali Himachal Pradesh,Renest River Country Resort Manali - Centrally Heated,1.2 km from centre,https://www.booking.com/hotel/in/quality-inn-river-country-resort.en-gb.html?,8.5,Very good,0,4,"₹ 14,745",Free cancellation,123
Manali Himachal Pradesh,Woodstock Inn Manali,400 m from centre,https://www.booking.com/hotel/in/woodstock-inn.en-gb.html?,8.3,Very good,0,3,"₹ 6,700",Free cancellation,98
Manali Himachal Pradesh,Clarity Rooms Manali,1.7 km from centre,https://www.booking.com/hotel/in/clarity-rooms.en-gb.html?,8.3,Very good,9.4,3,"₹ 4,048",FREE cancellation • No prepayment needed,9
Manali Himachal Pradesh,Madpackers Manali,1.9 km from centre,https://www.booking.com/hotel/in/the-madpackers-manali-hostel.en-gb.html?,8.9,Fabulous,0,0,"₹ 9,636",,222
Manali Himachal Pradesh,Shingar Regency,0.8 km from centre,https://www.booking.com/hotel/in/shingar-regency.en-gb.html?,8.4,Very good,0,4,"₹ 8,578",Free cancellation,84
Manali Himachal Pradesh,Treebo Trend Hotel Shambhala Mall Road,1.4 km from centre,https://www.booking.com/hotel/in/shambhala-manali.en-gb.html?,9.5,Exceptional,10,3,"₹ 4,374",Free cancellation,6
Manali Himachal Pradesh,The Highland Park,5.3 km from centre,https://www.booking.com/hotel/in/the-highland-park.en-gb.html?,7.4,Good,9.8,0,"₹ 21,000",FREE cancellation • No prepayment needed,13
Manali Himachal Pradesh,The Crazy Indian Pad,1.9 km from centre,https://www.booking.com/hotel/in/the-crazy-indian-pad.en-gb.html?,8.8,Fabulous,0,0,"₹ 3,375",,159
Manali Himachal Pradesh,Hotel BHRIGU,2.4 km from centre,https://www.booking.com/hotel/in/brighu.en-gb.html?,9.2,Superb,9.8,3,"₹ 2,697",,15
Manali Himachal Pradesh,Hotel Greenfields,1.5 km from centre,https://www.booking.com/hotel/in/greenfields.en-gb.html?,8.5,Very good,0,3,"₹ 3,960",FREE cancellation • No prepayment needed,61
Manali Himachal Pradesh,The Manali Inn,2.2 km from centre,https://www.booking.com/hotel/in/the-manali-inn.en-gb.html?,7.1,Good,0,4,"₹ 11,250",FREE cancellation • No prepayment needed,33
Manali Himachal Pradesh,Royal Park Resorts,1 km from centre,https://www.booking.com/hotel/in/royal-park-resorts.en-gb.html?,7.7,Good,0,0,"₹ 12,830",FREE cancellation • No prepayment needed,4
Manali Himachal Pradesh,Woodrock Hotel,0.8 km from centre,https://www.booking.com/hotel/in/woodrock.en-gb.html?,8.1,Very good,0,3,"₹ 13,662",Free cancellation,35
Manali Himachal Pradesh,Moustache Manali,1.6 km from centre,https://www.booking.com/hotel/in/moustache-manali.en-gb.html?,8.8,Fabulous,9.5,0,"₹ 5,734",Free cancellation,422
Manali Himachal Pradesh,Hotel Woodlines,1 km from centre,https://www.booking.com/hotel/in/woodlines-manali.en-gb.html?,6.3,Review score,0,2,"₹ 1,887",,12
Manali Himachal Pradesh,manu villa,1.2 km from centre,https://www.booking.com/hotel/in/hadimba-homes.en-gb.html?,9.3,Superb,9.5,0,"₹ 6,000",FREE cancellation • No prepayment needed,48
Manali Himachal Pradesh,Village House - A Perfect Home Stay,1.1 km from centre,https://www.booking.com/hotel/in/amneu-village-house.en-gb.html?,7.6,Good,0,0,"₹ 1,980",Free cancellation,77
Manali Himachal Pradesh,Leela Cottages Manali,3.7 km from centre,https://www.booking.com/hotel/in/leela-cottages-manali.en-gb.html?,8.1,Very good,0,3,"₹ 9,000",FREE cancellation • No prepayment needed,20
Manali Himachal Pradesh,Roop Mountain Homestay,1 km from centre,https://www.booking.com/hotel/in/roop-family-house.en-gb.html?,8.8,Fabulous,9.5,0,"₹ 2,397",,5
Manali Himachal Pradesh,La Voglia-Old Manali,1.8 km from centre,https://www.booking.com/hotel/in/folklore-hostel-manali.en-gb.html?,8.9,Fabulous,0,0,"₹ 3,900",Free cancellation,149
Manali Himachal Pradesh,Mastiff Grand Manali Resort,200 m from centre,https://www.booking.com/hotel/in/aveda-manali.en-gb.html?,7.6,Good,0,4,"₹ 15,564",FREE cancellation • No prepayment needed,15
Manali Himachal Pradesh,Hotel Suryansh,1.1 km from centre,https://www.booking.com/hotel/in/suryansh-manali.en-gb.html?,8.4,Very good,0,4,"₹ 11,250",FREE cancellation • No prepayment needed,7
Manali Himachal Pradesh,Aloka Resort,200 m from centre,https://www.booking.com/hotel/in/aloka-resort.en-gb.html?,9.6,Exceptional,9.3,0,"₹ 12,876",FREE cancellation • No prepayment needed,11
Manali Himachal Pradesh,Hotel snow bird,0.9 km from centre,https://www.booking.com/hotel/in/snow-bird-manali12.en-gb.html?,9.1,Superb,9.3,2,"₹ 3,268",Free cancellation,30
Manali Himachal Pradesh,Hotel Hayer Regency,0.7 km from centre,https://www.booking.com/hotel/in/hayer-regency-manali.en-gb.html?,6.9,Review score,0,4,"₹ 5,400",,9
Manali Himachal Pradesh,D'Chalet Manali,1.6 km from centre,https://www.booking.com/hotel/in/d-39-chalet-manali.en-gb.html?,8.2,Very good,0,3,"₹ 9,000",Free cancellation,21
Manali Himachal Pradesh,Yellow Daisy Resorts,2.3 km from centre,https://www.booking.com/hotel/in/yellow-daisy-resorts.en-gb.html?,8.8,Fabulous,0,3,"₹ 7,800",FREE cancellation • No prepayment needed,5
Manali Himachal Pradesh,Hotel Chetna,1.3 km from centre,https://www.booking.com/hotel/in/chetna-a-unit-of-travel-living-holidays.en-gb.html?,8.9,Fabulous,0,3,"₹ 2,160",,16
Manali Himachal Pradesh,Monkbase Cafe & Hostel,2.1 km from centre,https://www.booking.com/hotel/in/monkbase-cafe-amp-hostel.en-gb.html?,9.5,Exceptional,9.5,0,"₹ 3,750",FREE cancellation • No prepayment needed,40
Manali Himachal Pradesh,FabHotel Misty Hills Nehru Kund,5.3 km from centre,https://www.booking.com/hotel/in/treebo-trip-misty-hills.en-gb.html?,7.7,Good,0,3,"₹ 5,737",Free cancellation,12
Manali Himachal Pradesh,goSTOPS Manali,1.9 km from centre,https://www.booking.com/hotel/in/house-of-amigos.en-gb.html?,8.4,Very good,0,0,"₹ 5,123",Free cancellation,291
Manali Himachal Pradesh,Backpackers Headquarter Manali,1.6 km from centre,https://www.booking.com/hotel/in/backpackers-headquarter-manali.en-gb.html?,9.1,Superb,0,0,"₹ 5,130",,254
Manali Himachal Pradesh,Timberwolves,2.1 km from centre,https://www.booking.com/hotel/in/timberwolf.en-gb.html?,9.3,Superb,0,0,"₹ 3,507",Free cancellation,88
Manali Himachal Pradesh,Abhilashi Residency & Spa - Centrally Heated & Air Cooled,1.2 km from centre,https://www.booking.com/hotel/in/abhilashi-residency-amp-spa-manali.en-gb.html?,9.2,Superb,0,4,"₹ 9,504",Free cancellation,19
Manali Himachal Pradesh,New Ambika International Mall Road Hotel,300 m from centre,https://www.booking.com/hotel/in/new-ambika-international.en-gb.html?,7.5,Good,0,0,"₹ 5,805",Free cancellation,14
Manali Himachal Pradesh,Span Inn and Suites - Beautiful Mountain View,11.9 km from centre,https://www.booking.com/hotel/in/span-inn-and-suites.en-gb.html?,8.0,Very good,0,4,"₹ 13,392",Free cancellation,17
Manali Himachal Pradesh,Sterling Manali,2 km from centre,https://www.booking.com/hotel/in/sterling-white-mist.en-gb.html?,7.9,Good,0,4,"₹ 24,456",Free cancellation,80
Manali Himachal Pradesh,Hotel Rising Star,1 km from centre,https://www.booking.com/hotel/in/rising-star-manali.en-gb.html?,8.7,Fabulous,0,0,"₹ 2,970",FREE cancellation • No prepayment needed,15
Manali Himachal Pradesh,MISTY MOUNTAIN MANALI,2 km from centre,https://www.booking.com/hotel/in/misty-mountain-manali.en-gb.html?,8.4,Very good,0,3,"₹ 8,640",,8
Manali Himachal Pradesh,Ashapuri Residency Manali,0.5 km from centre,https://www.booking.com/hotel/in/ashapuri-residency-manali.en-gb.html?,8.2,Very good,0,5,"₹ 9,717",,4
Manali Himachal Pradesh,Lost in Woods,4.7 km from centre,https://www.booking.com/hotel/in/lost-in-woods.en-gb.html?,10,Exceptional,9.6,0,"₹ 2,550",FREE cancellation • No prepayment needed,6
Manali Himachal Pradesh,Hotel Samiru Manali,450 m from centre,https://www.booking.com/hotel/in/samiru-manali.en-gb.html?,8.0,Very good,0,2,"₹ 6,000",FREE cancellation • No prepayment needed,48
Manali Himachal Pradesh,Nehru Kund Heights by JitaInn,5.1 km from centre,https://www.booking.com/hotel/in/nehru-kund-heights-by-jitainn-kullu1.en-gb.html?,7.9,Good,0,3,"₹ 6,075",Free cancellation,13
Manali Himachal Pradesh,ATS -Manali,1.5 km from centre,https://www.booking.com/hotel/in/ats.en-gb.html?,8.4,Very good,0,0,"₹ 4,047",Free cancellation,40
Manali Himachal Pradesh,Himalyan River Resort-A Riverside Resort,3.4 km from centre,https://www.booking.com/hotel/in/himalyan-river-resort-a-riverside-resort.en-gb.html?,8.6,Fabulous,0,0,"₹ 2,925",FREE cancellation • No prepayment needed,18
Manali Himachal Pradesh,Regenta Inn Blossoms Kullu Manali,23.8 km from centre,https://www.booking.com/hotel/in/regenta-inn-blossoms-kullu-manali.en-gb.html?,7.7,Good,0,4,"₹ 10,283",,8
Manali Himachal Pradesh,Ambika Bliss,300 m from centre,https://www.booking.com/hotel/in/ambika-bliss.en-gb.html?,9.0,Superb,0,3,"₹ 7,636",,32
Manali Himachal Pradesh,La Vaca India Manali,2.4 km from centre,https://www.booking.com/hotel/in/valley-view-vashist.en-gb.html?,9.1,Superb,9.5,3,"₹ 3,997",,158
Manali Himachal Pradesh,The Hideout - Hiraeth,5.3 km from centre,https://www.booking.com/hotel/in/the-hideout-hiraeth.en-gb.html?,9.8,Exceptional,9.8,0,"₹ 4,797",FREE cancellation • No prepayment needed,10
Manali Himachal Pradesh,Amara Resorts Manali,8.4 km from centre,https://www.booking.com/hotel/in/amara-resorts-manali.en-gb.html?,8.4,Very good,0,0,"₹ 11,550",,5
Manali Himachal Pradesh,Jackhill Nature Stay,0.5 km from centre,https://www.booking.com/hotel/in/jackhill.en-gb.html?,9.7,Exceptional,10,0,"₹ 2,160",Free cancellation,3
Manali Himachal Pradesh,The Professors hut,1.8 km from centre,https://www.booking.com/hotel/in/the-professors-hut.en-gb.html?,9.2,Superb,0,0,"₹ 2,849",,84
Manali Himachal Pradesh,Treebo Trend Hotel Dev Mall Road,1.5 km from centre,https://www.booking.com/hotel/in/dev-guest-house-manali12.en-gb.html?,8.8,Fabulous,0,3,"₹ 6,324",Free cancellation,18
Manali Himachal Pradesh,YOLO Backpackers - Manali OG,1.9 km from centre,https://www.booking.com/hotel/in/yolobackpackers-hostel.en-gb.html?,9.0,Superb,0,0,"₹ 2,916",FREE cancellation • No prepayment needed,70
Manali Himachal Pradesh,Green Leaf Resort Manali,2.1 km from centre,https://www.booking.com/hotel/in/green-leaf-resort-manali-manali.en-gb.html?,7.2,Good,0,4,"₹ 12,150",,4
Manali Himachal Pradesh,Sylvan hues,1.5 km from centre,https://www.booking.com/hotel/in/sylvan-hues.en-gb.html?,7.6,Good,0,4,"₹ 11,997",Free cancellation,5
Manali Himachal Pradesh,The Anantmaya Resort,3.9 km from centre,https://www.booking.com/hotel/in/the-anantmaya-resort.en-gb.html?,9.0,Superb,0,5,"₹ 23,700",,23
Manali Himachal Pradesh,Sarthak Regency (Centrally Heated & Air cooled),2 km from centre,https://www.booking.com/hotel/in/sarthak-regency.en-gb.html?,7.5,Good,0,4,"₹ 10,098",Free cancellation,12
Manali Himachal Pradesh,Doghari Homes,2.2 km from centre,https://www.booking.com/hotel/in/doghari-home.en-gb.html?,8.6,Fabulous,10,0,"₹ 4,197",FREE cancellation • No prepayment needed,7
Manali Himachal Pradesh,Sun own stay,1 km from centre,https://www.booking.com/hotel/in/sun-own-stay.en-gb.html?,10,Exceptional,10,0,"₹ 5,865",,3
Manali Himachal Pradesh,La Siesta India Manali,1.5 km from centre,https://www.booking.com/hotel/in/la-siesta-india-manali.en-gb.html?,9.1,Superb,0,0,"₹ 5,175",,68
Manali Himachal Pradesh,Johnson Lodge & Spa,0.6 km from centre,https://www.booking.com/hotel/in/johnson-lodge.en-gb.html?,8.1,Very good,0,3,"₹ 15,897",,74
Manali Himachal Pradesh,"Hotel Hamta View,Manali",2.4 km from centre,https://www.booking.com/hotel/in/sher-e-punjab-manali.en-gb.html?,8.8,Fabulous,9.5,2,"₹ 2,698",,33
Manali Himachal Pradesh,Hotel Kanchanikoot,1.8 km from centre,https://www.booking.com/hotel/in/kanchanikoot-manali1.en-gb.html?,9.0,Superb,9.7,4,"₹ 2,997",FREE cancellation • No prepayment needed,57
Manali Himachal Pradesh,Tourist Hotel,0.8 km from centre,https://www.booking.com/hotel/in/tourist.en-gb.html?,8.0,Very good,0,1,"₹ 3,900",Free cancellation,5
Manali Himachal Pradesh,Roamate Hostel,1.7 km from centre,https://www.booking.com/hotel/in/roamate-hostel-manali1.en-gb.html?,10,Exceptional,9.5,0,"₹ 2,897",,16
Manali Himachal Pradesh,2 bedroom premium apartment,1.2 km from centre,https://www.booking.com/hotel/in/2-bedroom-premium-apartment.en-gb.html?,9.7,Exceptional,10,0,"₹ 8,120",FREE cancellation • No prepayment needed,7
Manali Himachal Pradesh,Dormico's Hotel Out Town,1 km from centre,https://www.booking.com/hotel/in/out-town-manali1.en-gb.html?,8.5,Very good,0,3,"₹ 3,297",,10
Manali Himachal Pradesh,Drifter’s Inn & Cafe,1.8 km from centre,https://www.booking.com/hotel/in/drifters-inn-amp-cafe.en-gb.html?,7.5,Good,0,3,"₹ 3,000",,18
Manali Himachal Pradesh,aastha luxury villa,1.2 km from centre,https://www.booking.com/hotel/in/aastha-luxury-villa.en-gb.html?,9.9,Exceptional,10,3,"₹ 3,600",FREE cancellation • No prepayment needed,13
Manali Himachal Pradesh,3 Bhk Shashwat Cottage with Inside Fire Place,2.3 km from centre,https://www.booking.com/hotel/in/shashwat-cottages.en-gb.html?,9.8,Exceptional,10,0,"₹ 22,497",,8
Manali Himachal Pradesh,Sarthak Resorts - 10kms from Mall Road Manali,6.8 km from centre,https://www.booking.com/hotel/in/sarthak-resorts.en-gb.html?,6.0,Review score,0,3,"₹ 5,100",Free cancellation,10
Manali Himachal Pradesh,EKO STAY - Ikigai Villa,22.1 km from centre,https://www.booking.com/hotel/in/eko-stay-gold-ikigai-villa.en-gb.html?,10,Exceptional,10,3,"₹ 14,490",,5
Manali Himachal Pradesh,Sita cottage hotel and restaurant,3.2 m from centre,https://www.booking.com/hotel/in/sita-cottage-and-restaurant.en-gb.html?,10,Exceptional,10,4,"₹ 2,023",,8
Manali Himachal Pradesh,Mud house Manali,1.6 km from centre,https://www.booking.com/hotel/in/mud-house-manali.en-gb.html?,8.7,Fabulous,0,2,"₹ 6,000",FREE cancellation • No prepayment needed,3
Manali Himachal Pradesh,Hill Partridge Cottage,2.2 km from centre,https://www.booking.com/hotel/in/hill-partridge-cottage.en-gb.html?,6.8,Review score,0,3,"₹ 4,368",Free cancellation,7
Manali Himachal Pradesh,mary's cottages,0.8 km from centre,https://www.booking.com/hotel/in/mary-39-s-cottages.en-gb.html?,8.6,Fabulous,0,3,"₹ 17,955",,43
Manali Himachal Pradesh,Rishi House,1.8 km from centre,https://www.booking.com/hotel/in/rishi-house-manali.en-gb.html?,9.4,Superb,9.8,2,"₹ 2,430",FREE cancellation • No prepayment needed,27
Manali Himachal Pradesh,"Grand Krisa Resort & SPA , Manali",4.6 km from centre,https://www.booking.com/hotel/in/grand-krisa-resort-amp-spa-manali-manali1.en-gb.html?,7.0,Good,0,4,"₹ 14,121",Free cancellation,10
Manali Himachal Pradesh,Hotel Prakash,0.9 km from centre,https://www.booking.com/hotel/in/prakash-manali1.en-gb.html?,8.2,Very good,0,2,"₹ 2,100",FREE cancellation • No prepayment needed,8
Manali Himachal Pradesh,Hotel Valley Of Gods,2.6 km from centre,https://www.booking.com/hotel/in/valley-of-gods-manali.en-gb.html?,8.2,Very good,0,0,"₹ 4,800",,9
Manali Himachal Pradesh,Hotel Highway inn,150 m from centre,https://www.booking.com/hotel/in/highway-inn-manali.en-gb.html?,5.6,Review score,0,2,"₹ 6,000",FREE cancellation • No prepayment needed,36
Manali Himachal Pradesh,Snow Clad Hotels,2 km from centre,https://www.booking.com/hotel/in/snow-clad-resort.en-gb.html?,9.4,Superb,10,3,"₹ 3,300",FREE cancellation • No prepayment needed,12
Manali Himachal Pradesh,HighQ Manali,1.9 km from centre,https://www.booking.com/hotel/in/highq-manali.en-gb.html?,8.7,Fabulous,0,3,"₹ 12,000",FREE cancellation • No prepayment needed,29
Manali Himachal Pradesh,Ashapuri Village Manali,1.1 km from centre,https://www.booking.com/hotel/in/ashapuri-village.en-gb.html?,8.9,Fabulous,9.4,0,"₹ 26,100",FREE cancellation • No prepayment needed,14
Manali Himachal Pradesh,Golden Tulip Manali,1.6 km from centre,https://www.booking.com/hotel/in/golden-tulip-manali.en-gb.html?,6.5,Review score,0,3,"₹ 12,150",Free cancellation,17
Manali Himachal Pradesh,Ideal Place For Backpackers & Small Family,300 m from centre,https://www.booking.com/hotel/in/ideal-place-for-backpackers-amp-small-family.en-gb.html?,9.2,Superb,0,3,"₹ 6,000",,3
Manali Himachal Pradesh,Thakur Niwas Home Stay,350 m from centre,https://www.booking.com/hotel/in/thakur-niwas-home-stay.en-gb.html?,10,Exceptional,0,0,"₹ 5,400",FREE cancellation • No prepayment needed,3
Manali Himachal Pradesh,Om Cottage and Camping By WB Inn,3.9 km from centre,https://www.booking.com/hotel/in/om-cottage.en-gb.html?,9.7,Exceptional,9.8,0,"₹ 10,170",FREE cancellation • No prepayment needed,12
Manali Himachal Pradesh,Abode Home Cool & Homely Place,450 m from centre,https://www.booking.com/hotel/in/abode-home-cool-amp-homely-place.en-gb.html?,8.1,Very good,0,3,"₹ 6,000",Free cancellation,8
Manali Himachal Pradesh,Limitless Manali,2.4 km from centre,https://www.booking.com/hotel/in/limitless-manali.en-gb.html?,1.7,Review score,0,0,"₹ 7,500",FREE cancellation • No prepayment needed,3
Manali Himachal Pradesh,Hotel Beas River Side,3.4 km from centre,https://www.booking.com/hotel/in/beas-river-side.en-gb.html?,9.7,Exceptional,10,3,"₹ 4,500",FREE cancellation • No prepayment needed,4
Manali Himachal Pradesh,Abhilashi Residency,1.1 km from centre,https://www.booking.com/hotel/in/abhilashi-residency.en-gb.html?,6.7,Review score,0,3,"₹ 5,850",,5
